20201001 17:30,20200930,8,756603,18260000,0,0,0,571542,0,0
20201002 17:30,20161231,1857,7366644818,1253336065000,254512154,212056436,35631000,4591143854,558799159,1
20201002 17:30,20200930,11,1029191,24827000,0,0,0,830166,0,1
20201005 17:30,20200930,20,2543323,61347000,0,0,0,2338057,0,1
20201006 17:30,20170331,1917,7153766808,2030798649000,221953907,203933682,48546000,4467059656,593257922,1
20201006 17:30,20170930,1944,7529558753,1837956356000,152649485,196995498,47520000,4931979157,539587477,1
20201006 17:30,20200930,40,5958568,1085198000,0,0,0,4734425,365,1
20201007 17:30,20170630,1919,7838567370,1821678837000,190971655,199336857,43351000,4312261558,527452191,1
20201007 17:30,20200331,2278,6567568847,1407171353000,108325813,144986241,63662000,4555958432,546515885,1
20201007 17:30,20200630,2311,6271638954,1301637481000,107493468,157953632,53545000,4167521049,538469775,1
20201007 17:30,20200930,54,8431054,1424055000,0,0,0,7070918,6643,1
20201008 17:30,20200930,79,12437168,2837693000,0,0,0,9985386,44175,1
20201009 17:30,20190930,2282,6357443748,1669288183000,117244024,137481510,31411000,4337971952,442224368,1
20201009 17:30,20191231,2495,6590300010,1908785476000,114545530,144134619,39286000,4576032181,559192170,1
20201009 17:30,20200930,102,17924708,2974792000,0,0,0,14700718,52000,1
20201013 17:30,20171231,2160,7532277965,2239815798000,181815878,227461697,57788000,4821294022,610563362,1
20201013 17:30,20180331,2190,7392958929,2239538050000,150227892,192791085,54792000,5069064927,596368334,1
20201013 17:30,20180930,2177,8917608623,6841702134000,112693097,141803020,69115000,5300517586,626755277,1
20201013 17:30,20190331,2281,6864244777,1932088457000,107843407,108418505,42741000,4686425642,490401372,1
20201013 17:30,20200331,2279,6567568847,1407171353000,108325813,144986241,67413000,4555958432,546515885,1
20201013 17:30,20200630,2311,6271862335,1301642911000,107493468,157953632,53545000,4167521049,538469775,1
20201013 17:30,20200930,177,26921777,3194053000,30700,0,0,20354456,414778,1
20201014 17:30,20180630,2166,7190109018,34553076319000,121464413,170185269,50142000,4514633622,662211483,1
20201014 17:30,20200930,219,38961850,105631828000,34200,0,0,22256413,9451697,1
20201015 17:30,20200331,2279,6567680934,1407173733000,108325813,144986241,67413000,4556070069,546515885,1
20201015 17:30,20200930,248,43167926,105733916000,34200,0,0,25757175,9505196,1
20201016 17:30,20191231,2496,6590300010,1908785476000,114545530,144134619,45356000,4576032181,559192170,1
20201016 17:30,20200930,286,48904368,113402980000,34200,11900,0,28847342,9525334,1
20201019 17:30,20200930,341,61927641,113722576000,34200,11900,0,38621525,9558452,1
20201020 17:30,20200630,2312,6273231224,1301675402000,107493468,157953632,53545000,4168889938,538469775,1
20201020 17:30,20200930,387,88950656,114378571000,34200,197330,0,64730214,9558452,1
20201021 17:30,20200930,434,109648077,114892528000,136800,197330,0,83964868,9645850,1
20201022 17:30,20200630,2312,6278091436,1301793872000,107493468,157953632,53545000,4173303433,538471450,1
20201022 17:30,20200930,466,116533849,145990272000,141800,197330,0,90065689,9645850,1
20201023 17:30,20181231,2241,7111801364,1527545342000,231625527,226917831,45144000,4921382333,483234428,1
20201023 17:30,20191231,2497,6590307010,1908785723000,114545530,144134619,45356000,4576032181,559192170,1
20201023 17:30,20200930,505,142155280,146610024000,141800,214351,0,109855702,9688559,1
20201026 17:30,20200930,577,156198931,147612363000,1177000,397951,1398000,122795552,9719094,1
20201027 17:30,20200930,635,167651593,147908725000,1835400,851051,1398000,131281748,9738654,1
20201028 17:30,20200930,683,174835680,148092061000,1863900,892851,1398000,135135021,12491597,1
20201029 17:30,20200930,741,196616283,148619286000,1863900,892851,1398000,149926341,12619496,1
20201030 17:30,20200930,803,268654396,278632512000,1979165,1011640,1398000,213609246,17956505,1
20201102 17:30,20200630,2312,6278190593,1301796227000,107493468,158078632,53545000,4173402590,538471450,1
20201102 17:30,20200930,866,286414278,279061231000,1979165,1011640,4759000,226845297,18417402,1
20201103 17:30,20200930,944,302492759,280282073000,2025165,1017640,4759000,235617712,19902980,1
20201104 17:30,20200930,1002,337359190,282063682000,2073665,1017640,4759000,257556672,21994449,1
20201105 17:30,20200930,1082,420575448,284964914000,2366365,1859040,4759000,329248989,22009309,1
20201106 17:30,20200630,2313,6278749036,1301809490000,107496468,158078632,53545000,4173961032,538471450,1
20201106 17:30,20200930,1172,1010134985,308373407000,11376585,1859040,5019000,828671301,30222918,1
20201109 17:30,20200930,1276,1146647195,318482860000,12470485,1859040,5019000,933531825,34185559,1
20201110 17:30,20181231,2242,7111801364,1527545342000,231625527,226917831,52547000,4921382333,483234428,1
20201110 17:30,20200930,1375,1514156151,368689177000,12476425,1859618,9110000,1257809581,39638384,1
20201112 17:30,20191231,2498,6590312713,1908785924000,114545530,144134619,45356000,4576032510,559192170,1
20201112 17:30,20200930,1682,2374154523,411842469000,29795975,37626718,10099000,1995556403,59236548,1
20201113 17:30,20190930,2282,6460442951,1672292670000,117244024,137481510,31411000,4440971155,442224368,1
20201113 17:30,20200930,1978,3452387881,1256503663000,75736775,75098718,16759000,2767044615,89844273,1
20201116 17:30,20200630,2314,6278761481,1301809786000,107496468,158078632,53545000,4173961032,538471450,1
20201116 17:30,20200930,2226,6026977966,1318923362000,121131275,153617618,77801000,4187253343,485700813,1
20201117 17:30,20200930,2252,6054500643,1319589262000,124841975,157712018,77801000,4214334129,485843696,1
20201118 17:30,20200331,2280,6567949707,1407188965000,108325813,144986241,67413000,4556338842,546515885,1
20201118 17:30,20200630,2315,6279404403,1301841997000,107496468,158078632,53545000,4174603954,538471450,1
20201118 17:30,20200930,2256,6061749335,1319763836000,124841975,157712018,77801000,4221547078,485843696,1
20201119 17:30,20200331,2280,6567950452,1407188980000,108325813,144986241,67413000,4556338842,546515885,1
20201119 17:30,20200930,2264,6062597300,1320536581000,124842175,157712018,77801000,4221897030,485843696,1
20201120 17:30,20190930,2282,6473802262,1672682361000,117244024,137481510,31411000,4451055365,444151091,1
20201120 17:30,20200331,2280,6580702483,1407459706000,108325813,144986241,67413000,4566116857,548184606,1
20201120 17:30,20200630,2315,6316766369,1303456906000,107496468,158078632,53545000,4206238107,541459291,1
20201120 17:30,20200930,2265,6062602359,1320536702000,124842175,157712018,77801000,4221897030,485843696,1
20201123 17:30,20200930,2265,6063193286,1320550933000,124842175,157712018,77801000,4221897030,485843696,1
20201124 17:30,20200331,2280,6581342284,1407476286000,108331613,145212041,67413000,4566756658,548184606,1
20201124 17:30,20200930,2266,6063249552,1320552288000,124842175,157712018,77801000,4221952996,485843696,1
20201125 17:30,20190930,2282,6473829505,1672683017000,117244024,137481510,31411000,4451055365,444151091,1
20201125 17:30,20191231,2498,6602745082,1909223792000,114545530,144134619,45356000,4585424250,560935310,1
20201125 17:30,20200930,2268,6063751873,1320564389000,124842175,157712018,77801000,4222426150,485843696,1
20201127 17:30,20200930,2268,6063810369,1320565798000,124842175,157712018,77801000,4222481353,485843696,1
20201130 17:30,20200331,2281,6581394228,1407477389000,108331613,145212041,67413000,4566756658,548184606,1
20201130 17:30,20200630,2316,6316817222,1303458114000,107496468,158078632,53545000,4206238107,541459291,1
20201130 17:30,20200930,2273,6064723759,1320587809000,124842175,157712018,77801000,4223243263,485843696,1
20201201 17:30,20200930,2275,6064851750,1320591368000,124842175,157712018,77801000,4223265028,485843696,1
20201202 17:30,20200930,2276,6066944913,1320641792000,124842175,157712018,77801000,4225358191,485843696,1
20201203 17:30,20191231,2499,6602768574,1909224619000,114545530,144134619,45356000,4585424250,560935310,1
20201203 17:30,20200930,2279,6068666642,1320683268000,124842175,157712018,77801000,4226955716,485843696,1
20201204 17:30,20200930,2279,6077833621,1320904580000,124842175,157712018,77801000,4236122695,485843696,1
20201208 17:30,20200331,2281,6581663001,1407483095000,108331613,145212041,67413000,4567025431,548184606,1
20201208 17:30,20200630,2316,6317460122,1303473383000,107496468,158078632,53545000,4206881007,541459291,1
20201208 17:30,20200930,2280,6078133000,1320911792000,124842175,157712018,77801000,4236422074,485843696,1
20201209 17:30,20200930,2280,6078193000,1320913237000,124842175,157712018,77801000,4236482074,485843696,1
20201210 17:30,20190930,2282,6473857362,1672683829000,117244024,137481510,31411000,4451055365,444151091,1
20201210 17:30,20200331,2281,6581691758,1407483705000,108331613,145212041,67413000,4567025431,548184606,1
20201210 17:30,20200630,2316,6317489359,1303474078000,107496468,158078632,53545000,4206881007,541459291,1
20201210 17:30,20200930,2282,6078691297,1320925242000,124842175,157712018,77801000,4236951134,485843696,1
20201211 17:30,20200930,2284,6078842328,1320928880000,124842175,157712018,77801000,4237102165,485843696,1
20201214 17:30,20200930,2286,6083440198,1321039658000,124842175,157712018,77801000,4241522885,485843696,1
20201216 17:30,20200630,2317,6317633573,1303477503000,107496468,158078632,53545000,4207025221,541459291,1
20201216 17:30,20200930,2286,6083610243,1321043754000,124842175,157712018,77801000,4241530602,485843696,1
20201218 17:30,20200930,2288,6083640064,1321044518000,124842175,157712018,77801000,4241542696,485843696,1
20201221 17:30,20200930,2289,6084006615,1321053348000,124842175,157712018,77801000,4241909247,485843696,1
20201223 17:30,20200630,2318,6317653730,1303477981000,107496468,158078632,53545000,4207045378,541459291,1
20201229 17:30,20200930,2290,6084027490,1321053850000,124842175,157712018,77801000,4241930122,485843696,1
20201230 17:30,20190331,2282,6864244777,1932088457000,107843407,108418505,49528000,4686425642,490401372,1
20201230 17:30,20190630,2259,7086299512,1697196096000,144594645,155203954,52712000,4873069719,547443740,1
20201230 17:30,20190930,2283,6473857362,1672683829000,117244024,137481510,36439000,4451055365,444151091,1
20201230 17:30,20200630,2319,6317653730,1303477981000,107496468,158078632,57599000,4207045378,541459291,1
