20201002 03:00,1,20200930,8,39809,58503000,0,0,0,18575,19,0
20201003 03:00,2,20161231,1899,243087213,187575011592,5177601,5493214,9380,155507842,14456041,1,20200930,15,66166,97237000,0,0,0,31431,19,1
20201006 03:00,1,20200930,25,163841,240678000,0,0,0,129004,19,1
20201007 03:00,3,20170331,1938,242942183,201249420540,6155364,4834277,220,151491003,14254829,1,20170930,1974,243248119,233337108012,10724085,6747095,321,148817834,19108118,1,20200930,46,248706,365044000,0,0,0,182194,39,1
20201008 03:00,4,20170630,1984,245226494,219983428632,8643962,6235978,220,163268621,14555598,1,20200331,2542,225103114,260425437125,2996132,4151956,973,148882205,12705514,1,20200630,2578,224501641,311708424305,3153704,4007761,864,144998537,12179536,1,20200930,57,491270,721519000,0,0,0,420408,139,1
20201009 03:00,1,20200930,87,655988,963589080,0,0,0,532405,3020,1
20201010 03:00,1,20200930,119,923050,1356033080,0,0,0,725848,3853,1
20201014 03:00,5,20171231,2160,242471223,253740503082,11817742,8289959,169,164489773,18511344,1,20180331,2144,260047432,247640637006,7560608,7102438,169,173678381,36763824,1,20180930,2226,284350133,310433457410,4595710,5069892,125,172444743,19344922,1,20200331,2543,225103114,260425437125,2996132,4151956,1018,148882205,12705514,1,20200930,194,1146839,1685005080,1600,0,0,845543,12861,1
20201015 03:00,2,20180630,2182,241784765,267589802698,5069369,5074423,142,165115242,18150734,1,20200930,237,1396842,2052388826,1600,0,0,1005680,62587,1
20201016 03:00,1,20200930,276,1645069,2417205412,1600,0,0,1157940,149291,1
20201017 03:00,2,20191231,2586,230446345,307824272711,4413939,4735835,125,153516061,13840046,1,20200930,320,1813996,2665347412,1600,400,0,1264449,149511,1
20201020 03:00,1,20200930,390,2461129,3616362412,1610,400,0,1818993,150924,1
20201021 03:00,2,20200630,2579,224586503,311828423305,3153704,4007761,864,145083399,12179536,1,20200930,443,3160050,4642606412,1610,7556,0,2449520,150924,1
20201022 03:00,1,20200930,489,3592913,5278700412,1610,7556,0,2846527,151111,1
20201023 03:00,1,20200930,531,3857137,5667178412,1610,7556,0,3020398,151111,1
20201024 03:00,2,20181231,2342,363669609,248397476740,5646101,6171250,0,225539640,17685069,1,20200930,585,4113133,6043500092,1610,8436,0,3229291,154184,1
20201027 03:00,1,20200930,657,4584703,6737058274,1610,9836,1378,3660754,171511,1
20201028 03:00,1,20200930,718,5237393,7690343274,5510,11736,1378,4214064,172162,1
20201029 03:00,1,20200930,771,5638175,8279094274,9110,11736,1378,4402980,351518,1
20201030 03:00,1,20200930,839,6312860,9269540274,9110,12336,1378,4905197,359282,1
20201031 03:00,1,20200930,910,10010129,14713986654,10331,13343,1378,8190475,632294,1
20201103 03:00,1,20200930,981,11508876,16912314953,10331,13343,1378,9180479,648243,1
20201104 03:00,1,20200930,1072,12375745,18186244328,10331,13343,1378,9744835,726095,1
20201105 03:00,1,20200930,1134,14821286,21790313774,10331,13343,1378,11716664,819985,1
20201106 03:00,2,20200630,2580,224586777,311828810305,3153704,4007761,864,145083673,12179536,1,20200930,1221,19001593,27933888098,10331,13543,1378,15347468,833230,1
20201107 03:00,2,20200630,2581,224587604,311829979305,3153704,4007761,864,145084500,12179536,1,20200930,1302,42712028,62161229912,10336,13543,1378,35201649,1193874,1
20201110 03:00,1,20200930,1426,47695125,69490051903,10336,13543,1378,39104506,1213678,1
20201111 03:00,2,20181231,2343,363669609,248397476740,5646101,6171250,169,225539640,17685069,1,20200930,1555,62436874,91154786589,10336,13543,1434,51527443,1555747,1
20201113 03:00,6,20190331,2381,239011324,280103059844,3400907,3564193,0,180076277,18071775,1,20190630,2343,237327246,255514478866,4002109,4691051,2796,153689246,17217479,1,20190930,2382,233159388,284195335689,4592378,4408517,1773,162993883,16798870,1,20191231,2587,230446566,307824567711,4413939,4735835,125,153516073,13840046,1,20200331,2544,225103370,260425735125,2996132,4151956,1018,148882228,12705514,1,20200930,1903,99422358,145587926836,1497984,603289,1434,80305160,2904420,1
20201114 03:00,2,20190930,2383,234977179,286411222689,4592378,4408517,1773,164811674,16798870,1,20200930,2260,147782941,216526221953,3824884,2117989,1434,114669405,4503653,1
20201117 03:00,1,20200930,2538,215033575,315369159923,9144704,5588289,1434,140109348,12185080,1
20201118 03:00,1,20200930,2559,215750239,316422676923,9583404,5812989,1434,140798562,12191671,1
20201119 03:00,4,20191231,2588,230446592,307824602711,4413939,4735835,125,153516073,13840046,1,20200331,2545,225113359,260456742125,2996132,4151956,1018,148892217,12705514,1,20200630,2582,224603906,311878593305,3153704,4007761,864,145100802,12179536,1,20200930,2565,215765803,316445550923,9583404,5812989,1434,140810632,12191671,1
20201120 03:00,1,20200930,2574,215776426,316461147561,9583404,5812989,1434,140811875,12191671,1
20201124 03:00,3,20200331,2546,225113542,260456955125,2996132,4151956,1018,148892217,12705514,1,20200630,2583,224604067,311878821305,3153704,4007761,864,145100802,12179536,1,20200930,2575,215776732,316461596561,9583404,5812989,1434,140811875,12191671,1
20201125 03:00,1,20200930,2576,215777254,316462363561,9583404,5812989,1434,140812382,12191671,1
20201126 03:00,1,20200930,2578,215790908,316482429561,9583404,5812989,1434,140825792,12191671,1
20201128 03:00,1,20200930,2580,215798936,316494114561,9583404,5812989,1434,140825792,12191671,1
20201201 03:00,3,20200331,2547,225115460,260459185125,2996132,4151956,1018,148892217,12705514,1,20200630,2584,224606107,311881705305,3153704,4007761,864,145100802,12179536,1,20200930,2583,215801107,316497337561,9583404,5812989,1434,140826116,12191671,1
20201202 03:00,1,20200930,2585,215813063,316514896561,9583404,5812989,1434,140837806,12191671,1
20201203 03:00,1,20200930,2586,215870995,316600033561,9583404,5812989,1434,140895738,12191671,1
20201204 03:00,2,20191231,2589,230448035,307826531711,4413939,4735835,125,153516073,13840046,1,20200930,2590,215899437,316641831561,9583404,5812989,1434,140913262,12191671,1
20201208 03:00,1,20200930,2591,215900213,316643067561,9583404,5812989,1434,140913293,12191671,1
20201209 03:00,1,20200930,2592,215907806,316654226561,9583404,5812989,1434,140920886,12191671,1
20201211 03:00,1,20200930,2594,215916894,316667581561,9583404,5812989,1434,140929974,12191671,1
20201212 03:00,1,20200930,2597,215928637,316684839561,9583404,5812989,1434,140939167,12191671,1
20201215 03:00,1,20200930,2599,216126116,316975054561,9583404,5812989,1434,141135478,12191671,1
20201216 03:00,2,20200630,2585,224608917,311885677305,3153704,4007761,864,145103612,12179536,1,20200930,2600,216128833,316979047561,9583404,5812989,1434,141138195,12191671,1
20201217 03:00,1,20200630,2586,224617399,311897667305,3153704,4007761,864,145112094,12179536,1
20201219 03:00,1,20200930,2601,216136920,316993197561,9583404,5812989,1434,141138195,12191671,1
20201222 03:00,1,20200930,2602,216185603,317064742561,9583404,5812989,1434,141186726,12191671,1
20201224 03:00,1,20200630,2587,224617578,311897920305,3153704,4007761,864,145112273,12179536,1
20201230 03:00,1,20200930,2603,216185801,317065032561,9583404,5812989,1434,141186924,12191671,1
20201231 03:00,4,20190331,2382,239011324,280103059844,3400907,3564193,125,180076277,18071775,1,20190630,2344,237327246,255514478866,4002109,4691051,2921,153689246,17217479,1,20190930,2384,234977179,286411222689,4592378,4408517,1898,164811674,16798870,1,20200630,2588,224617578,311897920305,3153704,4007761,911,145112273,12179536,1
